{
  "bofa": {
    "n_longs": 44,
    "n_shorts": 40,
    "longs_stats": {
      "n": 44,
      "pnl": 7.790000000000004,
      "w": 13,
      "l": 14,
      "e": 17,
      "wr": 48.148148148148145,
      "maxdd": 92.29999999999998,
      "pf": 1.0439368302312464,
      "avg": 0.17704545454545462
    },
    "shorts_stats": {
      "n": 40,
      "pnl": 11.59,
      "w": 13,
      "l": 8,
      "e": 19,
      "wr": 61.904761904761905,
      "maxdd": 77.53,
      "pf": 1.0751621271076524,
      "avg": 0.28975
    },
    "long_by_par": {
      "BOFA-PURE": {
        "n": 29,
        "pnl": 29.11,
        "w": 8,
        "l": 8,
        "e": 13,
        "wr": 50.0,
        "maxdd": 45.099999999999994,
        "pf": 1.2826762478151097,
        "avg": 1.0037931034482759
      },
      "BofA-LIS": {
        "n": 10,
        "pnl": -14.119999999999997,
        "w": 3,
        "l": 4,
        "e": 3,
        "wr": 42.857142857142854,
        "maxdd": 28.4,
        "pf": 0.700339558573854,
        "avg": -1.4119999999999997
      },
      "BOFA-MESSY": {
        "n": 5,
        "pnl": -7.199999999999999,
        "w": 2,
        "l": 2,
        "e": 1,
        "wr": 50.0,
        "maxdd": 27.2,
        "pf": 0.7352941176470589,
        "avg": -1.44
      }
    },
    "short_by_par": {
      "BOFA-PURE": {
        "n": 28,
        "pnl": 3.7,
        "w": 8,
        "l": 5,
        "e": 15,
        "wr": 61.53846153846154,
        "maxdd": 59.92999999999999,
        "pf": 1.0330948121645795,
        "avg": 0.13214285714285715
      },
      "BofA-LIS": {
        "n": 10,
        "pnl": -1.2099999999999997,
        "w": 4,
        "l": 3,
        "e": 3,
        "wr": 57.142857142857146,
        "maxdd": 26.7,
        "pf": 0.9708433734939759,
        "avg": -0.12099999999999997
      },
      "BOFA-MESSY": {
        "n": 2,
        "pnl": 9.1,
        "w": 1,
        "l": 0,
        "e": 1,
        "wr": 100.0,
        "maxdd": 0.9000000000000004,
        "pf": 11.11111111111111,
        "avg": 4.55
      }
    }
  },
  "dd": {
    "n_longs": 209,
    "n_shorts": 240,
    "longs_stats": {
      "n": 209,
      "pnl": -91.08999999999999,
      "w": 86,
      "l": 106,
      "e": 17,
      "wr": 44.791666666666664,
      "maxdd": 529.3,
      "pf": 0.9256122757302803,
      "avg": -0.43583732057416263
    },
    "shorts_stats": {
      "n": 240,
      "pnl": 57.559999999999995,
      "w": 95,
      "l": 113,
      "e": 32,
      "wr": 45.67307692307692,
      "maxdd": 268.09,
      "pf": 1.0448573076263656,
      "avg": 0.23983333333333332
    }
  }
}