{
  "all_sc_longs_n": 176,
  "v12_sc_longs_n": 81,
  "v12_pnl": 329.16,
  "by_paradigm": {
    "BOFA-PURE": {
      "n": 20,
      "pnl": 128.65,
      "wr": 94.73684210526316,
      "w": 18,
      "l": 1,
      "avg": 6.4325
    },
    "BofA-LIS": {
      "n": 15,
      "pnl": 49.17,
      "wr": 73.33333333333333,
      "w": 11,
      "l": 4,
      "avg": 3.278
    },
    "AG-PURE": {
      "n": 22,
      "pnl": 25.86,
      "wr": 59.09090909090909,
      "w": 13,
      "l": 9,
      "avg": 1.1754545454545455
    },
    "SIDIAL-MESSY": {
      "n": 9,
      "pnl": 44.2,
      "wr": 75.0,
      "w": 6,
      "l": 2,
      "avg": 4.911111111111111
    },
    "GEX-TARGET": {
      "n": 5,
      "pnl": 37.9,
      "wr": 80.0,
      "w": 4,
      "l": 1,
      "avg": 7.58
    },
    "GEX-LIS": {
      "n": 4,
      "pnl": 6.58,
      "wr": 50.0,
      "w": 2,
      "l": 2,
      "avg": 1.645
    },
    "AG-TARGET": {
      "n": 5,
      "pnl": 50.8,
      "wr": 100.0,
      "w": 5,
      "l": 0,
      "avg": 10.16
    },
    "BOFA-MESSY": {
      "n": 1,
      "pnl": -14.0,
      "wr": 0.0,
      "w": 0,
      "l": 1,
      "avg": -14.0
    }
  },
  "ag_pure_all": {
    "n": 22,
    "pnl": 25.86,
    "wr": 59.09090909090909,
    "w": 13,
    "l": 9,
    "avg": 1.1754545454545455
  },
  "ag_pure_hi_vix": {
    "n": 17,
    "pnl": 42.46,
    "wr": 58.8235294117647,
    "w": 10,
    "l": 7,
    "avg": 2.4976470588235293
  },
  "ag_pure_lo_vix": {
    "n": 5,
    "pnl": -16.6,
    "wr": 60.0,
    "w": 3,
    "l": 2,
    "avg": -3.3200000000000003
  },
  "proposed_rule_blocks": {
    "n": 17,
    "pnl": 42.46,
    "wr": 58.8235294117647
  },
  "after_rule": {
    "n": 64,
    "pnl": 286.7
  },
  "train_blocked": {
    "n": 6,
    "pnl": 46.56
  },
  "test_blocked": {
    "n": 11,
    "pnl": -4.1000000000000005
  },
  "ag_pure_monthly": {
    "2026-03": {
      "n": 17,
      "pnl": 42.46,
      "wr": 58.8235294117647,
      "w": 10,
      "l": 7,
      "avg": 2.4976470588235293
    }
  }
}